{
    "$schema": "https://schema.management.azure.com/schemas/2019-04-01/deploymentTemplate.json#",
    "contentVersion": "1.0.0.0",
    "parameters": {
    "LM_COMPANY": {
      "type": "string"
    },
    "LM_ACCESS_ID": {
      "type": "string"
    },
    "LM_ACCESS_KEY": {
      "type": "string"
    },
    "LM_BEARER_TOKEN": {
      "type": "string"
    },
    "INCLUDE_METADATA_KEYS": {
      "type": "string"
    },
    "OKTA_API_KEY":{
      "type": "string"
    },
    "OKTA_DOMAIN":{
      "type": "string"
    },
    "LM_SERVICE_NAME_KEY":{
      "type": "string"
    },
    "LM_RESOURCE_ID":{
      "type": "string"
    }
    },
    "functions": [],
    "variables": {
    "storage": "[toLower(uniqueString(resourceGroup().name))]",
    "KEY_VAULT": "[if(greater(length(parameters('LM_COMPANY')) , 12), substring(parameters('LM_COMPANY'), sub(length(parameters('LM_COMPANY')) , 12), 12) ,parameters('LM_COMPANY'))]",   
    "storageAccountName": "[if(greater(length(variables('storage')) , 24), substring(variables('storage'), sub(length(variables('storage')) , 24), 24) , variables('storage'))]",    
    "keyVaultSecretOktaKey": "[resourceId('Microsoft.KeyVault/vaults/secrets', variables('KEY_VAULT'), 'oktakey')]",
    "serverFarmName": "[concat('lm-okta','-',parameters('LM_COMPANY'))]",
    "keyVaultSecretLMAccessKey": "[resourceId('Microsoft.KeyVault/vaults/secrets', variables('KEY_VAULT'), 'lmkey')]",
    "keyVaultSecretLMAccessId": "[resourceId('Microsoft.KeyVault/vaults/secrets', variables('KEY_VAULT'), 'lmid')]",
    "keyVaultSecretLMBearerToken": "[resourceId('Microsoft.KeyVault/vaults/secrets', variables('KEY_VAULT'), 'lmbearer')]"
    },
    "resources": [
    {
        "type" : "Microsoft.Storage/storageAccounts",
        "apiVersion": "2020-08-01-preview",
        "name":"[variables('storageAccountName')]",
        "kind": "Storage",
        "location":"[resourceGroup().location]",
        "sku": {
            "name": "Standard_LRS",
            "tier": "Standard"
        },
        "properties": {
          "minimumTlsVersion":"TLS1_2"
        },
        "resources": [
                {
                    "type": "blobServices/containers",
                    "apiVersion": "2019-06-01",
                    "name": "[concat('default/', 'oktalinkcontainer')]",
                    "dependsOn": [
                        "[variables('storageAccountName')]"
                    ]
                }
            ]
    },
    {
        "type": "Microsoft.Web/serverfarms",
        "apiVersion": "2021-03-01",
        "location":"[resourceGroup().location]",
        "name":"[variables('serverFarmName')]",
        "sku": {
          "tier": "Standard",
          "name": "S1"
        },
        "properties": {
            "hyperV": false,
            "isXenon": false,
            "reserved": true
        }
        
    },
    {
        "name": "[variables('serverFarmName')]",
        "type": "Microsoft.Web/sites",
        "apiVersion": "2021-03-01",
        "location": "[resourceGroup().location]",
        "kind": "functionapp",
        "identity": {
                "type": "SystemAssigned"
            },
        "dependsOn": [
            "[resourceId('Microsoft.Storage/storageAccounts', variables('storageAccountName'))]"
        ],

        "properties": {
            "serverFarmId": "[resourceId('Microsoft.Web/serverfarms', variables('serverFarmName'))]",
            "siteConfig": {
                "linuxFxVersion": "PYTHON|3.11",
                "alwaysOn": true,
                "use32BitWorkerProcess": true
            }
        },
        "resources" :[
          {
          "apiVersion": "2019-08-01",
          "name": "appsettings",
          "type": "config",
          "dependsOn": [
            "[resourceId('Microsoft.Storage/storageAccounts', variables('storageAccountName'))]",
            "[resourceId('Microsoft.KeyVault/vaults/', variables('KEY_VAULT'))]",
            "[resourceId('Microsoft.KeyVault/vaults/secrets', variables('KEY_VAULT'), 'oktakey')]",
            "[resourceId('Microsoft.KeyVault/vaults/secrets', variables('KEY_VAULT'), 'lmid')]",
            "[resourceId('Microsoft.KeyVault/vaults/secrets', variables('KEY_VAULT'), 'lmkey')]",
            "[resourceId('Microsoft.KeyVault/vaults/secrets', variables('KEY_VAULT'), 'lmbearer')]",
            "[resourceId('Microsoft.Web/sites', variables('serverFarmName'))]"
          ],
          "properties": {
            "AzureWebJobsStorage": "[concat('DefaultEndpointsProtocol=https;AccountName=',variables('storageAccountName'),';AccountKey=',listKeys(resourceId('Microsoft.Storage/storageAccounts', variables('storageAccountName')), '2019-06-01').keys[0].value,';EndpointSuffix=','core.windows.net')]",
             "FUNCTIONS_WORKER_RUNTIME": "python",
             "WEBSITE_NODE_DEFAULT_VERSION": "~18",
             "ENABLE_ORYX_BUILD": "true",
             "SCM_DO_BUILD_DURING_DEPLOYMENT": "1",
             "XDG_CACHE_HOME": "/tmp/.cache",
             "FUNCTIONS_EXTENSION_VERSION": "~4",
             "COMPANY_NAME": "[parameters('LM_COMPANY')]",
             "LM_ACCESS_ID": "[concat('@Microsoft.KeyVault(SecretUri=', reference(variables('keyVaultSecretLMAccessId'), '2015-06-01').secretUriWithVersion, ')')]",
             "LM_ACCESS_KEY": "[concat('@Microsoft.KeyVault(SecretUri=', reference(variables('keyVaultSecretLMAccessKey'), '2015-06-01').secretUriWithVersion, ')')]",
             "LM_BEARER_TOKEN": "[concat('@Microsoft.KeyVault(SecretUri=', reference(variables('keyVaultSecretLMBearerToken'), '2015-06-01').secretUriWithVersion, ')')]",
             "APPLICATION_NAME": "lm-logs-okta",
             "INCLUDE_METADATA_KEYS": "[parameters('INCLUDE_METADATA_KEYS')]",
             "LOG_LEVEL": "WARNING",
             "OKTA_API_KEY": "[concat('@Microsoft.KeyVault(SecretUri=', reference(variables('keyVaultSecretOktaKey'), '2015-06-01').secretUriWithVersion, ')')]",
             "OKTA_DOMAIN": "[parameters('OKTA_DOMAIN')]",
             "LM_SERVICE_NAME_KEY": "[parameters('LM_SERVICE_NAME_KEY')]",
             "AzureWebJobsFeatureFlags": "EnableWorkerIndexing",
             "BUILD_FLAGS": "UseExpressBuild",
             "LM_RESOURCE_ID": "[parameters('LM_RESOURCE_ID')]",
             "WEBSITE_RUN_FROM_PACKAGE" : "https://github.com/choudharypooja/vscode_python_timer/raw/main/LMOktaLogsForwarder.zip"
            }
          }
        ]
    },
    {
      "type": "Microsoft.KeyVault/vaults",
      "name": "[variables('KEY_VAULT')]",
      "apiVersion": "2023-07-01",
      "location": "[resourceGroup().location]",
      "properties": {
        "enabledForDeployment": true,
        "tenantId": "[subscription().tenantId]",
        "enabledForTemplateDeployment": true,
        "enableSoftDelete": false,
        "sku": {
          "name": "standard",
          "family": "A"
        },
        "accessPolicies": [
          {
            "tenantId": "[subscription().tenantId]",
            "objectId": "[reference(resourceId('Microsoft.Web/sites/', variables('serverFarmName')), '2020-12-01', 'Full').identity.principalId]",
            "permissions": {
              "keys": [
                "get",
                "list"
              ],
              "secrets": [
                "get",
                "list"
              ]
            }
          }
        ]
      },
      "dependsOn": [
        "[resourceId('Microsoft.Web/sites', variables('serverFarmName'))]",
        "[resourceId('Microsoft.Storage/storageAccounts', variables('storageAccountName'))]",
        "[resourceId('Microsoft.Web/serverfarms', variables('serverFarmName'))]"
      ],
      "resources":[
      {
      "type": "Microsoft.KeyVault/vaults/secrets",
      "name": "[concat(variables('KEY_VAULT'), '/', 'oktakey')]",
      "apiVersion": "2022-07-01",
      "dependsOn": [
        "[concat('Microsoft.KeyVault/vaults/', variables('KEY_VAULT'))]"
      ],
      "properties": {
        "value": "[parameters('OKTA_API_KEY')]"
      }
    },
    {
      "type": "Microsoft.KeyVault/vaults/secrets",
      "name": "[concat(variables('KEY_VAULT'), '/', 'lmkey')]",
      "apiVersion": "2022-07-01",
      "dependsOn": [
        "[concat('Microsoft.KeyVault/vaults/', variables('KEY_VAULT'))]"
      ],
      "properties": {
        "value": "[parameters('LM_ACCESS_KEY')]"
      }
    },
    {
      "type": "Microsoft.KeyVault/vaults/secrets",
      "name": "[concat(variables('KEY_VAULT'), '/', 'lmid')]",
      "apiVersion": "2022-07-01",
      "dependsOn": [
        "[concat('Microsoft.KeyVault/vaults/', variables('KEY_VAULT'))]"
      ],
      "properties": {
        "value": "[parameters('LM_ACCESS_ID')]"
      }
    },
    {
      "type": "Microsoft.KeyVault/vaults/secrets",
      "name": "[concat(variables('KEY_VAULT'), '/', 'lmbearer')]",
      "apiVersion": "2022-07-01",
      "dependsOn": [
        "[concat('Microsoft.KeyVault/vaults/', variables('KEY_VAULT'))]"
      ],
      "properties": {
        "value": "[parameters('LM_BEARER_TOKEN')]"
      }
    }
    ]
    }
    ],
    "outputs": {}
}