{
  "IsEncrypted": false,
  "Values": {
    "AzureWebJobsStorage": "DefaultEndpointsProtocol=https;AccountName=yu5o6kkbzg6mk;AccountKey=9HdpHAGefSntcRVtL/PWA1zU5JzzeCEZlPrlViumn8iTdCe0hnU7Ih3mYo/iJjHwn+XFih62Nod++AStp9Dczw==;EndpointSuffix=core.windows.net",
    "FUNCTIONS_WORKER_RUNTIME": "python",
    "AzureWebJobsFeatureFlags": "EnableWorkerIndexing",
    "APPLICATION_NAME": "lm-logs-okta",
    "LM_ACCESS_KEY": "Q{R^7dRjgC~kLqjh64cM-^_5j599pENP2IdBF]Cm",
    "OKTA_API_KEY": "00c2SamWJ6AiRS9TByggjjrcPtlDDTO3JCakkvPT_W",
    "LM_ACCESS_ID": "9dcT99eEj5xkciEMNW9",
    "LM_BEARER_TOKEN": "",
    "OKTA_DOMAIN": "logicmonitorpreview.oktapreview.com",
    "COMPANY_NAME": "lmpoojachoudhary",
    "LM_RESOURCE_ID":"{\"system.deviceId\" : \"688994\"}",
    "INCLUDE_METADATA_KEYS": "actor.displayName",
    "LM_SERVICE_NAME_KEY":""
    
  }
}