{
    "IsEncrypted": false,
    "Values": {
      "AzureWebJobsStorage": "DefaultEndpointsProtocol=https;AccountName=yu5o6kkbzg6mk;AccountKey=++AStp9Dczw==;EndpointSuffix=core.windows.net",
      "FUNCTIONS_WORKER_RUNTIME": "python",
      "AzureWebJobsFeatureFlags": "EnableWorkerIndexing",
      "APPLICATION_NAME": "lm-logs-okta",
      "LM_ACCESS_KEY": "",
      "OKTA_API_KEY": "",
      "LM_ACCESS_ID": "",
      "LM_BEARER_TOKEN": "",
      "OKTA_DOMAIN": "",
      "COMPANY_NAME": "",
      "LM_RESOURCE_ID":"{\"system.deviceId\" : \"688994\"}",
      "INCLUDE_METADATA_KEYS": "actor.displayName",
      "LM_SERVICE_NAME_KEY":""
    }
  }