{
  "ToxEnv": {
    "name": "py",
    "type": "VirtualEnvRunner"
  },
  "Python": {
    "version_info": [
      3,
      11,
      4,
      "final",
      0
    ],
    "executable": "/usr/local/Cellar/python@3.11/3.11.4_1/Frameworks/Python.framework/Versions/3.11/bin/python3.11",
    "virtualenv version": "20.25.0"
  },
  "PythonRun": {
    "deps": {
      "options": [],
      "requirements": [],
      "constraints": [],
      "constraint_options": {
        "constrain_package_deps": false,
        "use_frozen_constraints": false
      }
    }
  }
}